{"cameraMode":{"drawMode":0,"name":"Shaded","section":"Shading Mode"},"sceneLighting":true,"audioPlay":false,"sceneViewState":{"showFog":true,"showMaterialUpdate":false,"showSkybox":true,"showFlares":true,"showImageEffects":true,"showParticleSystems":true},"in2DMode":false,"pivot":{"x":18.539587020874025,"y":16.188182830810548,"z":6.563570976257324},"rotation":{"x":-0.544166624546051,"y":-0.0025167574640363456,"z":0.0016327673802152277,"w":-0.8389718532562256},"size":17.30298614501953,"orthographic":false}